SLD,hostname
acting-ahead.schwarz.,ns.do-ex.com.
acting-ahead.schwarz.,ns.do-ex.net.
acting-ahead.schwarz.,ns.do-ex.org.
adfusion.schwarz.,ns1.stackit.cloud.
adfusion.schwarz.,ns2.stackit.zone.
ads.schwarz.,ns.do-ex.com.
ads.schwarz.,ns.do-ex.net.
ads.schwarz.,ns.do-ex.org.
adsq.schwarz.,ns.do-ex.com.
adsq.schwarz.,ns.do-ex.net.
adsq.schwarz.,ns.do-ex.org.
aedoc.schwarz.,ns.do-ex.com.
aedoc.schwarz.,ns.do-ex.net.
aedoc.schwarz.,ns.do-ex.org.
aes-mobile.schwarz.,ns.do-ex.com.
aes-mobile.schwarz.,ns.do-ex.net.
aes-mobile.schwarz.,ns.do-ex.org.
aes1.schwarz.,ns.do-ex.com.
aes1.schwarz.,ns.do-ex.net.
aes1.schwarz.,ns.do-ex.org.
aes2.schwarz.,ns.do-ex.com.
aes2.schwarz.,ns.do-ex.net.
aes2.schwarz.,ns.do-ex.org.
agile-academy.schwarz.,ns.do-ex.com.
agile-academy.schwarz.,ns.do-ex.net.
agile-academy.schwarz.,ns.do-ex.org.
agile.schwarz.,ns.do-ex.com.
agile.schwarz.,ns.do-ex.net.
agile.schwarz.,ns.do-ex.org.
ai.schwarz.,ns1-07.azure-dns.com.
ai.schwarz.,ns2-07.azure-dns.net.
ai.schwarz.,ns3-07.azure-dns.org.
ai.schwarz.,ns4-07.azure-dns.info.
amamlt.schwarz.,ns1.eurodns.com.
amamlt.schwarz.,ns2.eurodns.com.
amamlt.schwarz.,ns3.eurodns.com.
amamlt.schwarz.,ns4.eurodns.com.
analytics.schwarz.,ns1-06.azure-dns.com.
analytics.schwarz.,ns2-06.azure-dns.net.
analytics.schwarz.,ns3-06.azure-dns.org.
analytics.schwarz.,ns4-06.azure-dns.info.
aom-ext-qs.schwarz.,ns.do-ex.com.
aom-ext-qs.schwarz.,ns.do-ex.net.
aom-ext-qs.schwarz.,ns.do-ex.org.
aom-ext.schwarz.,ns.do-ex.com.
aom-ext.schwarz.,ns.do-ex.net.
aom-ext.schwarz.,ns.do-ex.org.
api-int.schwarz.,ns.do-ex.com.
api-int.schwarz.,ns.do-ex.net.
api-int.schwarz.,ns.do-ex.org.
api-nonprod-external-hs.schwarz.,ns.do-ex.com.
api-nonprod-external-hs.schwarz.,ns.do-ex.net.
api-nonprod-external-hs.schwarz.,ns.do-ex.org.
api-nonprod-external.schwarz.,ns.do-ex.com.
api-nonprod-external.schwarz.,ns.do-ex.net.
api-nonprod-external.schwarz.,ns.do-ex.org.
api-os-nonprod-hs.schwarz.,ns.do-ex.com.
api-os-nonprod-hs.schwarz.,ns.do-ex.net.
api-os-nonprod-hs.schwarz.,ns.do-ex.org.
api-os-nonprod.schwarz.,ns.do-ex.com.
api-os-nonprod.schwarz.,ns.do-ex.net.
api-os-nonprod.schwarz.,ns.do-ex.org.
api-os-prod-hs.schwarz.,ns.do-ex.com.
api-os-prod-hs.schwarz.,ns.do-ex.net.
api-os-prod-hs.schwarz.,ns.do-ex.org.
api-os-prod.schwarz.,ns.do-ex.com.
api-os-prod.schwarz.,ns.do-ex.net.
api-os-prod.schwarz.,ns.do-ex.org.
api-prod-external-hs.schwarz.,ns.do-ex.com.
api-prod-external-hs.schwarz.,ns.do-ex.net.
api-prod-external-hs.schwarz.,ns.do-ex.org.
api-prod-external.schwarz.,ns.do-ex.com.
api-prod-external.schwarz.,ns.do-ex.net.
api-prod-external.schwarz.,ns.do-ex.org.
api.schwarz.,ns.do-ex.com.
api.schwarz.,ns.do-ex.net.
api.schwarz.,ns.do-ex.org.
app.schwarz.,ns.do-ex.com.
app.schwarz.,ns.do-ex.net.
app.schwarz.,ns.do-ex.org.
app01.schwarz.,ns.do-ex.com.
app01.schwarz.,ns.do-ex.net.
app01.schwarz.,ns.do-ex.org.
app02.schwarz.,ns.do-ex.com.
app02.schwarz.,ns.do-ex.net.
app02.schwarz.,ns.do-ex.org.
app03.schwarz.,ns.do-ex.com.
app03.schwarz.,ns.do-ex.net.
app03.schwarz.,ns.do-ex.org.
apps-stage.schwarz.,ns.do-ex.com.
apps-stage.schwarz.,ns.do-ex.net.
apps-stage.schwarz.,ns.do-ex.org.
apps.schwarz.,ns.do-ex.com.
apps.schwarz.,ns.do-ex.net.
apps.schwarz.,ns.do-ex.org.
arcgis-beta.schwarz.,ns.do-ex.com.
arcgis-beta.schwarz.,ns.do-ex.net.
arcgis-beta.schwarz.,ns.do-ex.org.
arm.schwarz.,ns.do-ex.com.
arm.schwarz.,ns.do-ex.net.
arm.schwarz.,ns.do-ex.org.
artifactory-qs.schwarz.,ns.do-ex.com.
artifactory-qs.schwarz.,ns.do-ex.net.
artifactory-qs.schwarz.,ns.do-ex.org.
artifactory.schwarz.,ns.do-ex.com.
artifactory.schwarz.,ns.do-ex.net.
artifactory.schwarz.,ns.do-ex.org.
as-cloudprx.schwarz.,ns.do-ex.com.
as-cloudprx.schwarz.,ns.do-ex.net.
as-cloudprx.schwarz.,ns.do-ex.org.
asset.schwarz.,ns-cloud-c1.googledomains.com.
asset.schwarz.,ns-cloud-c2.googledomains.com.
asset.schwarz.,ns-cloud-c3.googledomains.com.
asset.schwarz.,ns-cloud-c4.googledomains.com.
assets.schwarz.,a.myradns.net.
assets.schwarz.,b.myradns.net.
assets.schwarz.,c.myradns.net.
atlassian.schwarz.,ns.do-ex.com.
atlassian.schwarz.,ns.do-ex.net.
atlassian.schwarz.,ns.do-ex.org.
aura.schwarz.,ns.do-ex.com.
aura.schwarz.,ns.do-ex.net.
aura.schwarz.,ns.do-ex.org.
auth-dev.schwarz.,ns.do-ex.com.
auth-dev.schwarz.,ns.do-ex.net.
auth-dev.schwarz.,ns.do-ex.org.
auth-test.schwarz.,ns.do-ex.com.
auth-test.schwarz.,ns.do-ex.net.
auth-test.schwarz.,ns.do-ex.org.
auth.schwarz.,ns.do-ex.com.
auth.schwarz.,ns.do-ex.net.
auth.schwarz.,ns.do-ex.org.
automate-e.schwarz.,ns.do-ex.com.
automate-e.schwarz.,ns.do-ex.net.
automate-e.schwarz.,ns.do-ex.org.
automate-p.schwarz.,ns.do-ex.com.
automate-p.schwarz.,ns.do-ex.net.
automate-p.schwarz.,ns.do-ex.org.
automate-q.schwarz.,ns.do-ex.com.
automate-q.schwarz.,ns.do-ex.net.
automate-q.schwarz.,ns.do-ex.org.
automate-rpa.schwarz.,ns.do-ex.com.
automate-rpa.schwarz.,ns.do-ex.net.
automate-rpa.schwarz.,ns.do-ex.org.
azweb.schwarz.,ns.do-ex.com.
azweb.schwarz.,ns.do-ex.net.
azweb.schwarz.,ns.do-ex.org.
befree.schwarz.,ns.do-ex.com.
befree.schwarz.,ns.do-ex.net.
befree.schwarz.,ns.do-ex.org.
bereit.schwarz.,ns.do-ex.com.
bereit.schwarz.,ns.do-ex.net.
bereit.schwarz.,ns.do-ex.org.
berufseinstieg.schwarz.,ns.do-ex.com.
berufseinstieg.schwarz.,ns.do-ex.net.
berufseinstieg.schwarz.,ns.do-ex.org.
beschaffung.schwarz.,ns.do-ex.com.
beschaffung.schwarz.,ns.do-ex.net.
beschaffung.schwarz.,ns.do-ex.org.
betriebskitas.schwarz.,ns.do-ex.com.
betriebskitas.schwarz.,ns.do-ex.net.
betriebskitas.schwarz.,ns.do-ex.org.
bgm.schwarz.,ns.do-ex.com.
bgm.schwarz.,ns.do-ex.net.
bgm.schwarz.,ns.do-ex.org.
bic-test.schwarz.,ns1.stackit.cloud.
bic-test.schwarz.,ns2.stackit.zone.
bic.schwarz.,ns1.stackit.cloud.
bic.schwarz.,ns2.stackit.zone.
bitbucket-dev.schwarz.,ns.do-ex.com.
bitbucket-dev.schwarz.,ns.do-ex.net.
bitbucket-dev.schwarz.,ns.do-ex.org.
bitbucket-qs.schwarz.,ns.do-ex.com.
bitbucket-qs.schwarz.,ns.do-ex.net.
bitbucket-qs.schwarz.,ns.do-ex.org.
bitbucket.schwarz.,ns.do-ex.com.
bitbucket.schwarz.,ns.do-ex.net.
bitbucket.schwarz.,ns.do-ex.org.
booking-q.schwarz.,ns.do-ex.com.
booking-q.schwarz.,ns.do-ex.net.
booking-q.schwarz.,ns.do-ex.org.
booking.schwarz.,ns.do-ex.com.
booking.schwarz.,ns.do-ex.net.
booking.schwarz.,ns.do-ex.org.
bot4you.schwarz.,ns.do-ex.com.
bot4you.schwarz.,ns.do-ex.net.
bot4you.schwarz.,ns.do-ex.org.
bpm-poc.schwarz.,ns.do-ex.com.
bpm-poc.schwarz.,ns.do-ex.net.
bpm-poc.schwarz.,ns.do-ex.org.
br-nsu.schwarz.,ns.do-ex.com.
br-nsu.schwarz.,ns.do-ex.net.
br-nsu.schwarz.,ns.do-ex.org.
brand.schwarz.,ns.do-ex.com.
brand.schwarz.,ns.do-ex.net.
brand.schwarz.,ns.do-ex.org.
broker4you.schwarz.,ns1-05.azure-dns.com.
broker4you.schwarz.,ns2-05.azure-dns.net.
broker4you.schwarz.,ns3-05.azure-dns.org.
broker4you.schwarz.,ns4-05.azure-dns.info.
cake.schwarz.,ns1-09.azure-dns.com.
cake.schwarz.,ns2-09.azure-dns.net.
cake.schwarz.,ns3-09.azure-dns.org.
cake.schwarz.,ns4-09.azure-dns.info.
campusstore.schwarz.,ns.do-ex.com.
campusstore.schwarz.,ns.do-ex.net.
campusstore.schwarz.,ns.do-ex.org.
canva.schwarz.,ns1.eurodns.com.
canva.schwarz.,ns2.eurodns.com.
canva.schwarz.,ns3.eurodns.com.
canva.schwarz.,ns4.eurodns.com.
care.schwarz.,ns.do-ex.com.
care.schwarz.,ns.do-ex.net.
care.schwarz.,ns.do-ex.org.
career.schwarz.,ns.do-ex.com.
career.schwarz.,ns.do-ex.net.
career.schwarz.,ns.do-ex.org.
careers.schwarz.,ns.do-ex.com.
careers.schwarz.,ns.do-ex.net.
careers.schwarz.,ns.do-ex.org.
cars.schwarz.,ns.do-ex.com.
cars.schwarz.,ns.do-ex.net.
cars.schwarz.,ns.do-ex.org.
ccr-dev-wawi.schwarz.,ns.do-ex.com.
ccr-dev-wawi.schwarz.,ns.do-ex.net.
ccr-dev-wawi.schwarz.,ns.do-ex.org.
ccr-qs-wawi.schwarz.,ns.do-ex.com.
ccr-qs-wawi.schwarz.,ns.do-ex.net.
ccr-qs-wawi.schwarz.,ns.do-ex.org.
cd-management.schwarz.,ns.do-ex.com.
cd-management.schwarz.,ns.do-ex.net.
cd-management.schwarz.,ns.do-ex.org.
cdn-nonpublic.schwarz.,ns.do-ex.com.
cdn-nonpublic.schwarz.,ns.do-ex.net.
cdn-nonpublic.schwarz.,ns.do-ex.org.
cdn.schwarz.,ns.do-ex.com.
cdn.schwarz.,ns.do-ex.net.
cdn.schwarz.,ns.do-ex.org.
ce.schwarz.,ns.do-ex.com.
ce.schwarz.,ns.do-ex.net.
ce.schwarz.,ns.do-ex.org.
ceb-app-dev.schwarz.,ns.do-ex.com.
ceb-app-dev.schwarz.,ns.do-ex.net.
ceb-app-dev.schwarz.,ns.do-ex.org.
ceb-app.schwarz.,ns.do-ex.com.
ceb-app.schwarz.,ns.do-ex.net.
ceb-app.schwarz.,ns.do-ex.org.
celt.schwarz.,ns.do-ex.com.
celt.schwarz.,ns.do-ex.net.
celt.schwarz.,ns.do-ex.org.
cetis-cloud.schwarz.,ns.do-ex.com.
cetis-cloud.schwarz.,ns.do-ex.net.
cetis-cloud.schwarz.,ns.do-ex.org.
change-people.schwarz.,ns.do-ex.com.
change-people.schwarz.,ns.do-ex.net.
change-people.schwarz.,ns.do-ex.org.
charge.schwarz.,ns.do-ex.com.
charge.schwarz.,ns.do-ex.net.
charge.schwarz.,ns.do-ex.org.
check-ups.schwarz.,ns.do-ex.com.
check-ups.schwarz.,ns.do-ex.net.
check-ups.schwarz.,ns.do-ex.org.
checklists.schwarz.,ns.do-ex.com.
checklists.schwarz.,ns.do-ex.net.
checklists.schwarz.,ns.do-ex.org.
checkly.schwarz.,ns.do-ex.com.
checkly.schwarz.,ns.do-ex.net.
checkly.schwarz.,ns.do-ex.org.
client.schwarz.,ns.do-ex.com.
client.schwarz.,ns.do-ex.net.
client.schwarz.,ns.do-ex.org.
cloud.schwarz.,ns.do-ex.com.
cloud.schwarz.,ns.do-ex.net.
cloud.schwarz.,ns.do-ex.org.
cloudguide.schwarz.,ns.do-ex.com.
cloudguide.schwarz.,ns.do-ex.net.
cloudguide.schwarz.,ns.do-ex.org.
cloudprx.schwarz.,ns.do-ex.com.
cloudprx.schwarz.,ns.do-ex.net.
cloudprx.schwarz.,ns.do-ex.org.
cloudspace.schwarz.,ns.do-ex.com.
cloudspace.schwarz.,ns.do-ex.net.
cloudspace.schwarz.,ns.do-ex.org.
cloudspacedev.schwarz.,ns.do-ex.com.
cloudspacedev.schwarz.,ns.do-ex.net.
cloudspacedev.schwarz.,ns.do-ex.org.
cloudwegweiser.schwarz.,ns.do-ex.com.
cloudwegweiser.schwarz.,ns.do-ex.net.
cloudwegweiser.schwarz.,ns.do-ex.org.
cmp.schwarz.,ns.do-ex.com.
cmp.schwarz.,ns.do-ex.net.
cmp.schwarz.,ns.do-ex.org.
cmpf.schwarz.,ns.do-ex.com.
cmpf.schwarz.,ns.do-ex.net.
cmpf.schwarz.,ns.do-ex.org.
collectbox.schwarz.,ns.do-ex.com.
collectbox.schwarz.,ns.do-ex.net.
collectbox.schwarz.,ns.do-ex.org.
community-dev.schwarz.,ns.do-ex.com.
community-dev.schwarz.,ns.do-ex.net.
community-dev.schwarz.,ns.do-ex.org.
community.schwarz.,ns.do-ex.com.
community.schwarz.,ns.do-ex.net.
community.schwarz.,ns.do-ex.org.
compass.schwarz.,ns.do-ex.com.
compass.schwarz.,ns.do-ex.net.
compass.schwarz.,ns.do-ex.org.
conference-d.schwarz.,ns.do-ex.com.
conference-d.schwarz.,ns.do-ex.net.
conference-d.schwarz.,ns.do-ex.org.
conference-q.schwarz.,ns.do-ex.com.
conference-q.schwarz.,ns.do-ex.net.
conference-q.schwarz.,ns.do-ex.org.
conference.schwarz.,ns.do-ex.com.
conference.schwarz.,ns.do-ex.net.
conference.schwarz.,ns.do-ex.org.
confluence-qs-ext.schwarz.,ns.do-ex.com.
confluence-qs-ext.schwarz.,ns.do-ex.net.
confluence-qs-ext.schwarz.,ns.do-ex.org.
confluence-qs.schwarz.,ns.do-ex.com.
confluence-qs.schwarz.,ns.do-ex.net.
confluence-qs.schwarz.,ns.do-ex.org.
confluence.schwarz.,ns.do-ex.com.
confluence.schwarz.,ns.do-ex.net.
confluence.schwarz.,ns.do-ex.org.
content.schwarz.,ns.do-ex.com.
content.schwarz.,ns.do-ex.net.
content.schwarz.,ns.do-ex.org.
corporate-services.schwarz.,ns.do-ex.com.
corporate-services.schwarz.,ns.do-ex.net.
corporate-services.schwarz.,ns.do-ex.org.
corporate-solutions.schwarz.,ns.do-ex.com.
corporate-solutions.schwarz.,ns.do-ex.net.
corporate-solutions.schwarz.,ns.do-ex.org.
correlation-engine.schwarz.,ns.do-ex.com.
correlation-engine.schwarz.,ns.do-ex.net.
correlation-engine.schwarz.,ns.do-ex.org.
cosmic.schwarz.,ns.do-ex.com.
cosmic.schwarz.,ns.do-ex.net.
cosmic.schwarz.,ns.do-ex.org.
cr.schwarz.,ns.do-ex.com.
cr.schwarz.,ns.do-ex.net.
cr.schwarz.,ns.do-ex.org.
crm-dynamics-a.schwarz.,ns.do-ex.com.
crm-dynamics-a.schwarz.,ns.do-ex.net.
crm-dynamics-a.schwarz.,ns.do-ex.org.
crm-dynamics-e.schwarz.,ns.do-ex.com.
crm-dynamics-e.schwarz.,ns.do-ex.net.
crm-dynamics-e.schwarz.,ns.do-ex.org.
crm-dynamics-e2.schwarz.,ns.do-ex.com.
crm-dynamics-e2.schwarz.,ns.do-ex.net.
crm-dynamics-e2.schwarz.,ns.do-ex.org.
crm-dynamics-q.schwarz.,ns.do-ex.com.
crm-dynamics-q.schwarz.,ns.do-ex.net.
crm-dynamics-q.schwarz.,ns.do-ex.org.
crm-dynamics.schwarz.,ns.do-ex.com.
crm-dynamics.schwarz.,ns.do-ex.net.
crm-dynamics.schwarz.,ns.do-ex.org.
crm-marketing.schwarz.,ns.do-ex.com.
crm-marketing.schwarz.,ns.do-ex.net.
crm-marketing.schwarz.,ns.do-ex.org.
csr-befragung.schwarz.,ns.do-ex.com.
csr-befragung.schwarz.,ns.do-ex.net.
csr-befragung.schwarz.,ns.do-ex.org.
csr.schwarz.,ns.do-ex.com.
csr.schwarz.,ns.do-ex.net.
csr.schwarz.,ns.do-ex.org.
cybercon.schwarz.,ns.do-ex.com.
cybercon.schwarz.,ns.do-ex.net.
cybercon.schwarz.,ns.do-ex.org.
cyberconference.schwarz.,a1-244.akam.net.
cyberconference.schwarz.,a11-65.akam.net.
cyberconference.schwarz.,a13-66.akam.net.
cyberconference.schwarz.,a16-67.akam.net.
cyberconference.schwarz.,a4-64.akam.net.
cynab-jsz.schwarz.,ns1.eurodns.com.
cynab-jsz.schwarz.,ns2.eurodns.com.
cynab-jsz.schwarz.,ns3.eurodns.com.
cynab-jsz.schwarz.,ns4.eurodns.com.
d365-licenses.schwarz.,ns.do-ex.com.
d365-licenses.schwarz.,ns.do-ex.net.
d365-licenses.schwarz.,ns.do-ex.org.
daas.schwarz.,ns.do-ex.com.
daas.schwarz.,ns.do-ex.net.
daas.schwarz.,ns.do-ex.org.
dac.schwarz.,ns.do-ex.com.
dac.schwarz.,ns.do-ex.net.
dac.schwarz.,ns.do-ex.org.
data.schwarz.,ns.do-ex.com.
data.schwarz.,ns.do-ex.net.
data.schwarz.,ns.do-ex.org.
datenschutz.schwarz.,ns.do-ex.com.
datenschutz.schwarz.,ns.do-ex.net.
datenschutz.schwarz.,ns.do-ex.org.
defense.schwarz.,ns.do-ex.com.
defense.schwarz.,ns.do-ex.net.
defense.schwarz.,ns.do-ex.org.
dev-vwvt.schwarz.,ns.do-ex.com.
dev-vwvt.schwarz.,ns.do-ex.net.
dev-vwvt.schwarz.,ns.do-ex.org.
developer.schwarz.,ns.do-ex.com.
developer.schwarz.,ns.do-ex.net.
developer.schwarz.,ns.do-ex.org.
development.schwarz.,ns.do-ex.com.
development.schwarz.,ns.do-ex.net.
development.schwarz.,ns.do-ex.org.
devicemanagement.schwarz.,ns.do-ex.com.
devicemanagement.schwarz.,ns.do-ex.net.
devicemanagement.schwarz.,ns.do-ex.org.
devspace.schwarz.,ns.do-ex.com.
devspace.schwarz.,ns.do-ex.net.
devspace.schwarz.,ns.do-ex.org.
df.schwarz.,ns1.stackit.cloud.
df.schwarz.,ns2.stackit.zone.
dialup.schwarz.,ns.do-ex.com.
dialup.schwarz.,ns.do-ex.net.
dialup.schwarz.,ns.do-ex.org.
dienstleistungen.schwarz.,ns.do-ex.com.
dienstleistungen.schwarz.,ns.do-ex.net.
dienstleistungen.schwarz.,ns.do-ex.org.
dienstwagenzentrum.schwarz.,ns.do-ex.com.
dienstwagenzentrum.schwarz.,ns.do-ex.net.
dienstwagenzentrum.schwarz.,ns.do-ex.org.
digital-foundation.schwarz.,ns1.stackit.cloud.
digital-foundation.schwarz.,ns2.stackit.zone.
digital-sovereignty.schwarz.,ns.do-ex.com.
digital-sovereignty.schwarz.,ns.do-ex.net.
digital-sovereignty.schwarz.,ns.do-ex.org.
digital.schwarz.,ns.do-ex.com.
digital.schwarz.,ns.do-ex.net.
digital.schwarz.,ns.do-ex.org.
digitalbusinesscard.schwarz.,ns.do-ex.com.
digitalbusinesscard.schwarz.,ns.do-ex.net.
digitalbusinesscard.schwarz.,ns.do-ex.org.
digitale-souveraenitaet.schwarz.,ns.do-ex.com.
digitale-souveraenitaet.schwarz.,ns.do-ex.net.
digitale-souveraenitaet.schwarz.,ns.do-ex.org.
digitalevisitenkarte.schwarz.,ns.do-ex.com.
digitalevisitenkarte.schwarz.,ns.do-ex.net.
digitalevisitenkarte.schwarz.,ns.do-ex.org.
digits.schwarz.,ns.do-ex.com.
digits.schwarz.,ns.do-ex.net.
digits.schwarz.,ns.do-ex.org.
diit.schwarz.,ns.do-ex.com.
diit.schwarz.,ns.do-ex.net.
diit.schwarz.,ns.do-ex.org.
dir.schwarz.,ns.do-ex.com.
dir.schwarz.,ns.do-ex.net.
dir.schwarz.,ns.do-ex.org.
dnstrap.schwarz.,ns1.dnstrap.schwarz.
dnstrap.schwarz.,ns2.dnstrap.schwarz.
dss-dev.schwarz.,ns.do-ex.com.
dss-dev.schwarz.,ns.do-ex.net.
dss-dev.schwarz.,ns.do-ex.org.
dss.schwarz.,ns.do-ex.com.
dss.schwarz.,ns.do-ex.net.
dss.schwarz.,ns.do-ex.org.
dynatrace.schwarz.,ns.do-ex.com.
dynatrace.schwarz.,ns.do-ex.net.
dynatrace.schwarz.,ns.do-ex.org.
eam.schwarz.,ns.do-ex.com.
eam.schwarz.,ns.do-ex.net.
eam.schwarz.,ns.do-ex.org.
eap.schwarz.,ns1.eurodns.com.
eap.schwarz.,ns2.eurodns.com.
eap.schwarz.,ns3.eurodns.com.
eap.schwarz.,ns4.eurodns.com.
ecosystem-summit.schwarz.,ns.do-ex.com.
ecosystem-summit.schwarz.,ns.do-ex.net.
ecosystem-summit.schwarz.,ns.do-ex.org.
edge-industry-qs.schwarz.,ns.do-ex.com.
edge-industry-qs.schwarz.,ns.do-ex.net.
edge-industry-qs.schwarz.,ns.do-ex.org.
edge-industry.schwarz.,ns.do-ex.com.
edge-industry.schwarz.,ns.do-ex.net.
edge-industry.schwarz.,ns.do-ex.org.
ehpp.schwarz.,ns.do-ex.com.
ehpp.schwarz.,ns.do-ex.net.
ehpp.schwarz.,ns.do-ex.org.
emergency.schwarz.,ns.do-ex.com.
emergency.schwarz.,ns.do-ex.net.
emergency.schwarz.,ns.do-ex.org.
emm.schwarz.,ns.do-ex.com.
emm.schwarz.,ns.do-ex.net.
emm.schwarz.,ns.do-ex.org.
energiedatenbank-qs.schwarz.,ns.do-ex.com.
energiedatenbank-qs.schwarz.,ns.do-ex.net.
energiedatenbank-qs.schwarz.,ns.do-ex.org.
energiedatenbank.schwarz.,ns.do-ex.com.
energiedatenbank.schwarz.,ns.do-ex.net.
energiedatenbank.schwarz.,ns.do-ex.org.
enrollment.schwarz.,ns.do-ex.com.
enrollment.schwarz.,ns.do-ex.net.
enrollment.schwarz.,ns.do-ex.org.
eps.schwarz.,ns.do-ex.com.
eps.schwarz.,ns.do-ex.net.
eps.schwarz.,ns.do-ex.org.
esb4you.schwarz.,ns1.stackit.cloud.
esb4you.schwarz.,ns2.stackit.cloud.
eska-backend.schwarz.,ns.do-ex.com.
eska-backend.schwarz.,ns.do-ex.net.
eska-backend.schwarz.,ns.do-ex.org.
eska.schwarz.,ns.do-ex.com.
eska.schwarz.,ns.do-ex.net.
eska.schwarz.,ns.do-ex.org.
eu-mx.schwarz.,ns.do-ex.com.
eu-mx.schwarz.,ns.do-ex.net.
eu-mx.schwarz.,ns.do-ex.org.
euos.schwarz.,ns.do-ex.com.
euos.schwarz.,ns.do-ex.net.
euos.schwarz.,ns.do-ex.org.
events.schwarz.,ns.do-ex.com.
events.schwarz.,ns.do-ex.net.
events.schwarz.,ns.do-ex.org.
executive-event.schwarz.,ns.do-ex.com.
executive-event.schwarz.,ns.do-ex.net.
executive-event.schwarz.,ns.do-ex.org.
executive-experience.schwarz.,ns.do-ex.com.
executive-experience.schwarz.,ns.do-ex.net.
executive-experience.schwarz.,ns.do-ex.org.
experience.schwarz.,ns.do-ex.com.
experience.schwarz.,ns.do-ex.net.
experience.schwarz.,ns.do-ex.org.
file4you.schwarz.,ns.do-ex.com.
file4you.schwarz.,ns.do-ex.net.
file4you.schwarz.,ns.do-ex.org.
fk-feedback.schwarz.,ns.do-ex.com.
fk-feedback.schwarz.,ns.do-ex.net.
fk-feedback.schwarz.,ns.do-ex.org.
fleet.schwarz.,ns.do-ex.com.
fleet.schwarz.,ns.do-ex.net.
fleet.schwarz.,ns.do-ex.org.
fm-int.schwarz.,ns.do-ex.com.
fm-int.schwarz.,ns.do-ex.net.
fm-int.schwarz.,ns.do-ex.org.
fm-wissen.schwarz.,ns.do-ex.com.
fm-wissen.schwarz.,ns.do-ex.net.
fm-wissen.schwarz.,ns.do-ex.org.
fortschrittsbericht.schwarz.,ns.do-ex.com.
fortschrittsbericht.schwarz.,ns.do-ex.net.
fortschrittsbericht.schwarz.,ns.do-ex.org.
frf.schwarz.,ns.do-ex.com.
frf.schwarz.,ns.do-ex.net.
frf.schwarz.,ns.do-ex.org.
ftp.schwarz.,ns.do-ex.com.
ftp.schwarz.,ns.do-ex.net.
ftp.schwarz.,ns.do-ex.org.
futurecon.schwarz.,ns.do-ex.com.
futurecon.schwarz.,ns.do-ex.net.
futurecon.schwarz.,ns.do-ex.org.
fwws.schwarz.,ns1.stackit.cloud.
fwws.schwarz.,ns2.stackit.zone.
gastroportal.schwarz.,ns.do-ex.com.
gastroportal.schwarz.,ns.do-ex.net.
gastroportal.schwarz.,ns.do-ex.org.
gcm-stage.schwarz.,ns.do-ex.com.
gcm-stage.schwarz.,ns.do-ex.net.
gcm-stage.schwarz.,ns.do-ex.org.
gcm.schwarz.,ns.do-ex.com.
gcm.schwarz.,ns.do-ex.net.
gcm.schwarz.,ns.do-ex.org.
gcp-dev.schwarz.,ns.do-ex.com.
gcp-dev.schwarz.,ns.do-ex.net.
gcp-dev.schwarz.,ns.do-ex.org.
gcp-q.schwarz.,ns.do-ex.com.
gcp-q.schwarz.,ns.do-ex.net.
gcp-q.schwarz.,ns.do-ex.org.
gcp.schwarz.,ns.do-ex.com.
gcp.schwarz.,ns.do-ex.net.
gcp.schwarz.,ns.do-ex.org.
getsmart.schwarz.,ns.do-ex.com.
getsmart.schwarz.,ns.do-ex.net.
getsmart.schwarz.,ns.do-ex.org.
gifty.schwarz.,ns.do-ex.com.
gifty.schwarz.,ns.do-ex.net.
gifty.schwarz.,ns.do-ex.org.
ginfo-kaufland-qs.schwarz.,ns.do-ex.com.
ginfo-kaufland-qs.schwarz.,ns.do-ex.net.
ginfo-kaufland-qs.schwarz.,ns.do-ex.org.
ginfo-kaufland-test.schwarz.,ns.do-ex.com.
ginfo-kaufland-test.schwarz.,ns.do-ex.net.
ginfo-kaufland-test.schwarz.,ns.do-ex.org.
ginfo-kaufland.schwarz.,ns.do-ex.com.
ginfo-kaufland.schwarz.,ns.do-ex.net.
ginfo-kaufland.schwarz.,ns.do-ex.org.
ginfo-lidl-test.schwarz.,ns.do-ex.com.
ginfo-lidl-test.schwarz.,ns.do-ex.net.
ginfo-lidl-test.schwarz.,ns.do-ex.org.
ginfo-lidl.schwarz.,ns.do-ex.com.
ginfo-lidl.schwarz.,ns.do-ex.net.
ginfo-lidl.schwarz.,ns.do-ex.org.
gitlab.schwarz.,ns.do-ex.com.
gitlab.schwarz.,ns.do-ex.net.
gitlab.schwarz.,ns.do-ex.org.
global-services.schwarz.,ns.do-ex.com.
global-services.schwarz.,ns.do-ex.net.
global-services.schwarz.,ns.do-ex.org.
golang.schwarz.,ns.do-ex.com.
golang.schwarz.,ns.do-ex.net.
golang.schwarz.,ns.do-ex.org.
gom.schwarz.,ns1.stackit.cloud.
gom.schwarz.,ns2.stackit.zone.
gpm-poc.schwarz.,ns.do-ex.com.
gpm-poc.schwarz.,ns.do-ex.net.
gpm-poc.schwarz.,ns.do-ex.org.
gprm-poc.schwarz.,ns.do-ex.com.
gprm-poc.schwarz.,ns.do-ex.net.
gprm-poc.schwarz.,ns.do-ex.org.
groot.schwarz.,ns1.dns.stackit.cloud.
groot.schwarz.,ns2.dns.stackit.cloud.
group.schwarz.,ns.do-ex.com.
group.schwarz.,ns.do-ex.net.
group.schwarz.,ns.do-ex.org.
gruenstrom.schwarz.,ns1.eurodns.com.
gruenstrom.schwarz.,ns2.eurodns.com.
gruenstrom.schwarz.,ns3.eurodns.com.
gruenstrom.schwarz.,ns4.eurodns.com.
gruppe.schwarz.,ns.do-ex.com.
gruppe.schwarz.,ns.do-ex.net.
gruppe.schwarz.,ns.do-ex.org.
guess-it.schwarz.,ns.do-ex.com.
guess-it.schwarz.,ns.do-ex.net.
guess-it.schwarz.,ns.do-ex.org.
guestuser.schwarz.,ns.do-ex.com.
guestuser.schwarz.,ns.do-ex.net.
guestuser.schwarz.,ns.do-ex.org.
gwt-dev-wawi.schwarz.,ns.do-ex.com.
gwt-dev-wawi.schwarz.,ns.do-ex.net.
gwt-dev-wawi.schwarz.,ns.do-ex.org.
gwt-qs-wawi.schwarz.,ns.do-ex.com.
gwt-qs-wawi.schwarz.,ns.do-ex.net.
gwt-qs-wawi.schwarz.,ns.do-ex.org.
hackathon.schwarz.,ns.do-ex.com.
hackathon.schwarz.,ns.do-ex.net.
hackathon.schwarz.,ns.do-ex.org.
hdps-sbx.schwarz.,ns1.stackit.cloud.
hdps-sbx.schwarz.,ns2.stackit.zone.
hds.schwarz.,a.myradns.net.
hds.schwarz.,b.myradns.net.
hds.schwarz.,c.myradns.net.
heutedeinezukunftgestalten.schwarz.,ns.do-ex.com.
heutedeinezukunftgestalten.schwarz.,ns.do-ex.net.
heutedeinezukunftgestalten.schwarz.,ns.do-ex.org.
hosting.schwarz.,a.myradns.net.
hosting.schwarz.,b.myradns.net.
hosting.schwarz.,c.myradns.net.
hrportal.schwarz.,ns.do-ex.com.
hrportal.schwarz.,ns.do-ex.net.
hrportal.schwarz.,ns.do-ex.org.
hybpldi.schwarz.,ns.do-ex.com.
hybpldi.schwarz.,ns.do-ex.net.
hybpldi.schwarz.,ns.do-ex.org.
iac.schwarz.,ns.do-ex.com.
iac.schwarz.,ns.do-ex.net.
iac.schwarz.,ns.do-ex.org.
idea.schwarz.,ns.do-ex.com.
idea.schwarz.,ns.do-ex.net.
idea.schwarz.,ns.do-ex.org.
idee-qs.schwarz.,ns.do-ex.com.
idee-qs.schwarz.,ns.do-ex.net.
idee-qs.schwarz.,ns.do-ex.org.
idee.schwarz.,ns.do-ex.com.
idee.schwarz.,ns.do-ex.net.
idee.schwarz.,ns.do-ex.org.
iep-public.schwarz.,ns1-02.azure-dns.com.
iep-public.schwarz.,ns2-02.azure-dns.net.
iep-public.schwarz.,ns3-02.azure-dns.org.
iep-public.schwarz.,ns4-02.azure-dns.info.
ifconfig.schwarz.,ns1.dns.stackit.cloud.
ifconfig.schwarz.,ns2.dns.stackit.cloud.
immobilien.schwarz.,ns.do-ex.com.
immobilien.schwarz.,ns.do-ex.net.
immobilien.schwarz.,ns.do-ex.org.
impfen.schwarz.,ns.do-ex.com.
impfen.schwarz.,ns.do-ex.net.
impfen.schwarz.,ns.do-ex.org.
impulse.schwarz.,ns.do-ex.com.
impulse.schwarz.,ns.do-ex.net.
impulse.schwarz.,ns.do-ex.org.
indigits.schwarz.,ns.do-ex.com.
indigits.schwarz.,ns.do-ex.net.
indigits.schwarz.,ns.do-ex.org.
info.schwarz.,ns.do-ex.com.
info.schwarz.,ns.do-ex.net.
info.schwarz.,ns.do-ex.org.
infradoc.schwarz.,ns.do-ex.com.
infradoc.schwarz.,ns.do-ex.net.
infradoc.schwarz.,ns.do-ex.org.
inside-digits.schwarz.,ns.do-ex.com.
inside-digits.schwarz.,ns.do-ex.net.
inside-digits.schwarz.,ns.do-ex.org.
insight-dwp.schwarz.,ns.do-ex.com.
insight-dwp.schwarz.,ns.do-ex.net.
insight-dwp.schwarz.,ns.do-ex.org.
invoice.schwarz.,ns1.eurodns.com.
invoice.schwarz.,ns2.eurodns.com.
invoice.schwarz.,ns3.eurodns.com.
invoice.schwarz.,ns4.eurodns.com.
invs-e.schwarz.,ns.do-ex.com.
invs-e.schwarz.,ns.do-ex.net.
invs-e.schwarz.,ns.do-ex.org.
invs-qs.schwarz.,ns.do-ex.com.
invs-qs.schwarz.,ns.do-ex.net.
invs-qs.schwarz.,ns.do-ex.org.
invs.schwarz.,ns.do-ex.com.
invs.schwarz.,ns.do-ex.net.
invs.schwarz.,ns.do-ex.org.
iot-api-q.schwarz.,ns.do-ex.com.
iot-api-q.schwarz.,ns.do-ex.net.
iot-api-q.schwarz.,ns.do-ex.org.
iot-api.schwarz.,ns.do-ex.com.
iot-api.schwarz.,ns.do-ex.net.
iot-api.schwarz.,ns.do-ex.org.
iot-platform-q.schwarz.,ns.do-ex.com.
iot-platform-q.schwarz.,ns.do-ex.net.
iot-platform-q.schwarz.,ns.do-ex.org.
iot-platform-t.schwarz.,ns.do-ex.com.
iot-platform-t.schwarz.,ns.do-ex.net.
iot-platform-t.schwarz.,ns.do-ex.org.
iot-platform.schwarz.,ns.do-ex.com.
iot-platform.schwarz.,ns.do-ex.net.
iot-platform.schwarz.,ns.do-ex.org.
iot-q.schwarz.,ns.do-ex.com.
iot-q.schwarz.,ns.do-ex.net.
iot-q.schwarz.,ns.do-ex.org.
iot.schwarz.,ns.do-ex.com.
iot.schwarz.,ns.do-ex.net.
iot.schwarz.,ns.do-ex.org.
it-controlling-sandbox.schwarz.,ns.do-ex.com.
it-controlling-sandbox.schwarz.,ns.do-ex.net.
it-controlling-sandbox.schwarz.,ns.do-ex.org.
it-media.schwarz.,ns.do-ex.com.
it-media.schwarz.,ns.do-ex.net.
it-media.schwarz.,ns.do-ex.org.
it.schwarz.,ns.do-ex.com.
it.schwarz.,ns.do-ex.net.
it.schwarz.,ns.do-ex.org.
it4you.schwarz.,ns.do-ex.com.
it4you.schwarz.,ns.do-ex.net.
it4you.schwarz.,ns.do-ex.org.
itco-countries.schwarz.,ns.do-ex.com.
itco-countries.schwarz.,ns.do-ex.net.
itco-countries.schwarz.,ns.do-ex.org.
itco.schwarz.,ns.do-ex.com.
itco.schwarz.,ns.do-ex.net.
itco.schwarz.,ns.do-ex.org.
itcompliance.schwarz.,ns.do-ex.com.
itcompliance.schwarz.,ns.do-ex.net.
itcompliance.schwarz.,ns.do-ex.org.
itdoc-drz.schwarz.,ns.do-ex.com.
itdoc-drz.schwarz.,ns.do-ex.net.
itdoc-drz.schwarz.,ns.do-ex.org.
iteos.schwarz.,ns1-211.akam.net.
iteos.schwarz.,ns4-65.akam.net.
iteos.schwarz.,ns5-65.akam.net.
iteos.schwarz.,ns7-66.akam.net.
jenkins-qs.schwarz.,ns.do-ex.com.
jenkins-qs.schwarz.,ns.do-ex.net.
jenkins-qs.schwarz.,ns.do-ex.org.
jetbrains.schwarz.,ns.do-ex.com.
jetbrains.schwarz.,ns.do-ex.net.
jetbrains.schwarz.,ns.do-ex.org.
jira-qs.schwarz.,ns.do-ex.com.
jira-qs.schwarz.,ns.do-ex.net.
jira-qs.schwarz.,ns.do-ex.org.
jira.schwarz.,ns.do-ex.com.
jira.schwarz.,ns.do-ex.net.
jira.schwarz.,ns.do-ex.org.
jobs-karriere.schwarz.,ns.do-ex.com.
jobs-karriere.schwarz.,ns.do-ex.net.
jobs-karriere.schwarz.,ns.do-ex.org.
jobs.schwarz.,ns.do-ex.com.
jobs.schwarz.,ns.do-ex.net.
jobs.schwarz.,ns.do-ex.org.
k-ads.schwarz.,ns.do-ex.com.
k-ads.schwarz.,ns.do-ex.net.
k-ads.schwarz.,ns.do-ex.org.
karriere.schwarz.,ns.do-ex.com.
karriere.schwarz.,ns.do-ex.net.
karriere.schwarz.,ns.do-ex.org.
kaufland.schwarz.,ns.do-ex.com.
kaufland.schwarz.,ns.do-ex.net.
kaufland.schwarz.,ns.do-ex.org.
keeper-automator-qs.schwarz.,ns.do-ex.com.
keeper-automator-qs.schwarz.,ns.do-ex.net.
keeper-automator-qs.schwarz.,ns.do-ex.org.
keeper-automator.schwarz.,ns.do-ex.com.
keeper-automator.schwarz.,ns.do-ex.net.
keeper-automator.schwarz.,ns.do-ex.org.
keg.schwarz.,a.myradns.net.
keg.schwarz.,b.myradns.net.
keg.schwarz.,c.myradns.net.
kl-packaging-t.schwarz.,ns.do-ex.com.
kl-packaging-t.schwarz.,ns.do-ex.net.
kl-packaging-t.schwarz.,ns.do-ex.org.
kl-packaging.schwarz.,ns.do-ex.com.
kl-packaging.schwarz.,ns.do-ex.net.
kl-packaging.schwarz.,ns.do-ex.org.
kopfan.schwarz.,ns.do-ex.com.
kopfan.schwarz.,ns.do-ex.net.
kopfan.schwarz.,ns.do-ex.org.
kudocards.schwarz.,ns.do-ex.com.
kudocards.schwarz.,ns.do-ex.net.
kudocards.schwarz.,ns.do-ex.org.
kul.schwarz.,ns.do-ex.com.
kul.schwarz.,ns.do-ex.net.
kul.schwarz.,ns.do-ex.org.
leaflets.schwarz.,a.myradns.net.
leaflets.schwarz.,b.myradns.net.
leaflets.schwarz.,c.myradns.net.
leistungen-tm.schwarz.,ns.do-ex.com.
leistungen-tm.schwarz.,ns.do-ex.net.
leistungen-tm.schwarz.,ns.do-ex.org.
lico-dev.schwarz.,ns.do-ex.com.
lico-dev.schwarz.,ns.do-ex.net.
lico-dev.schwarz.,ns.do-ex.org.
lico-test.schwarz.,ns.do-ex.com.
lico-test.schwarz.,ns.do-ex.net.
lico-test.schwarz.,ns.do-ex.org.
lico.schwarz.,ns.do-ex.com.
lico.schwarz.,ns.do-ex.net.
lico.schwarz.,ns.do-ex.org.
lidl-service.schwarz.,ns.do-ex.com.
lidl-service.schwarz.,ns.do-ex.net.
lidl-service.schwarz.,ns.do-ex.org.
lidl-textile-backend.schwarz.,ns.do-ex.com.
lidl-textile-backend.schwarz.,ns.do-ex.net.
lidl-textile-backend.schwarz.,ns.do-ex.org.
lidl.schwarz.,ns.do-ex.com.
lidl.schwarz.,ns.do-ex.net.
lidl.schwarz.,ns.do-ex.org.
loki.schwarz.,ns.do-ex.com.
loki.schwarz.,ns.do-ex.net.
loki.schwarz.,ns.do-ex.org.
lostrommel.schwarz.,ns.do-ex.com.
lostrommel.schwarz.,ns.do-ex.net.
lostrommel.schwarz.,ns.do-ex.org.
lsm-content-ext.schwarz.,ns.do-ex.com.
lsm-content-ext.schwarz.,ns.do-ex.net.
lsm-content-ext.schwarz.,ns.do-ex.org.
lts.schwarz.,ns.do-ex.com.
lts.schwarz.,ns.do-ex.net.
lts.schwarz.,ns.do-ex.org.
m365selfservices.schwarz.,ns.do-ex.com.
m365selfservices.schwarz.,ns.do-ex.net.
m365selfservices.schwarz.,ns.do-ex.org.
mac.schwarz.,ns.do-ex.com.
mac.schwarz.,ns.do-ex.net.
mac.schwarz.,ns.do-ex.org.
mach-zukunft.schwarz.,ns.do-ex.com.
mach-zukunft.schwarz.,ns.do-ex.net.
mach-zukunft.schwarz.,ns.do-ex.org.
magic-monitoring.schwarz.,ns.do-ex.com.
magic-monitoring.schwarz.,ns.do-ex.net.
magic-monitoring.schwarz.,ns.do-ex.org.
mail.schwarz.,ns1.eurodns.com.
mail.schwarz.,ns2.eurodns.com.
mail.schwarz.,ns3.eurodns.com.
mail.schwarz.,ns4.eurodns.com.
mailq.schwarz.,ns.do-ex.com.
mailq.schwarz.,ns.do-ex.net.
mailq.schwarz.,ns.do-ex.org.
makeitwork.schwarz.,ns.do-ex.com.
makeitwork.schwarz.,ns.do-ex.net.
makeitwork.schwarz.,ns.do-ex.org.
mam-archiv.schwarz.,ns1.stackit.cloud.
mam-archiv.schwarz.,ns2.stackit.zone.
mam.schwarz.,ns.do-ex.com.
mam.schwarz.,ns.do-ex.net.
mam.schwarz.,ns.do-ex.org.
maml.schwarz.,ns.do-ex.com.
maml.schwarz.,ns.do-ex.net.
maml.schwarz.,ns.do-ex.org.
mamq.schwarz.,ns1.stackit.cloud.
mamq.schwarz.,ns2.stackit.zone.
mamt.schwarz.,ns1.stackit.cloud.
mamt.schwarz.,ns2.stackit.zone.
mdm-mac.schwarz.,ns.do-ex.com.
mdm-mac.schwarz.,ns.do-ex.net.
mdm-mac.schwarz.,ns.do-ex.org.
media.schwarz.,ns.do-ex.com.
media.schwarz.,ns.do-ex.net.
media.schwarz.,ns.do-ex.org.
medien.schwarz.,ns.do-ex.com.
medien.schwarz.,ns.do-ex.net.
medien.schwarz.,ns.do-ex.org.
meg-gruppe.schwarz.,ns.do-ex.com.
meg-gruppe.schwarz.,ns.do-ex.net.
meg-gruppe.schwarz.,ns.do-ex.org.
meg.schwarz.,ns.do-ex.com.
meg.schwarz.,ns.do-ex.net.
meg.schwarz.,ns.do-ex.org.
messenger.schwarz.,ns.do-ex.com.
messenger.schwarz.,ns.do-ex.net.
messenger.schwarz.,ns.do-ex.org.
mft-qs.schwarz.,ns.do-ex.com.
mft-qs.schwarz.,ns.do-ex.net.
mft-qs.schwarz.,ns.do-ex.org.
mft-test.schwarz.,ns.do-ex.com.
mft-test.schwarz.,ns.do-ex.net.
mft-test.schwarz.,ns.do-ex.org.
mft.schwarz.,ns.do-ex.com.
mft.schwarz.,ns.do-ex.net.
mft.schwarz.,ns.do-ex.org.
mh.schwarz.,ns.do-ex.com.
mh.schwarz.,ns.do-ex.net.
mh.schwarz.,ns.do-ex.org.
mi01.schwarz.,ns.do-ex.com.
mi01.schwarz.,ns.do-ex.net.
mi01.schwarz.,ns.do-ex.org.
mi02.schwarz.,ns.do-ex.com.
mi02.schwarz.,ns.do-ex.net.
mi02.schwarz.,ns.do-ex.org.
misp.schwarz.,ns.do-ex.com.
misp.schwarz.,ns.do-ex.net.
misp.schwarz.,ns.do-ex.org.
mmc-mam.schwarz.,ns.do-ex.com.
mmc-mam.schwarz.,ns.do-ex.net.
mmc-mam.schwarz.,ns.do-ex.org.
mobicontrol.schwarz.,ns.do-ex.com.
mobicontrol.schwarz.,ns.do-ex.net.
mobicontrol.schwarz.,ns.do-ex.org.
mobilgeraete.schwarz.,ns.do-ex.com.
mobilgeraete.schwarz.,ns.do-ex.net.
mobilgeraete.schwarz.,ns.do-ex.org.
mobilitaetsportal.schwarz.,ns.do-ex.com.
mobilitaetsportal.schwarz.,ns.do-ex.net.
mobilitaetsportal.schwarz.,ns.do-ex.org.
mobility.schwarz.,ns.do-ex.com.
mobility.schwarz.,ns.do-ex.net.
mobility.schwarz.,ns.do-ex.org.
mobilityportal.schwarz.,ns.do-ex.com.
mobilityportal.schwarz.,ns.do-ex.net.
mobilityportal.schwarz.,ns.do-ex.org.
modernclient.schwarz.,ns.do-ex.com.
modernclient.schwarz.,ns.do-ex.net.
modernclient.schwarz.,ns.do-ex.org.
mra.schwarz.,ns.do-ex.com.
mra.schwarz.,ns.do-ex.net.
mra.schwarz.,ns.do-ex.org.
mtr.schwarz.,ns.do-ex.com.
mtr.schwarz.,ns.do-ex.net.
mtr.schwarz.,ns.do-ex.org.
mwp.schwarz.,a.myradns.net.
mwp.schwarz.,b.myradns.net.
mwp.schwarz.,c.myradns.net.
myjenkins.schwarz.,ns.do-ex.com.
myjenkins.schwarz.,ns.do-ex.net.
myjenkins.schwarz.,ns.do-ex.org.
mymac.schwarz.,ns.do-ex.com.
mymac.schwarz.,ns.do-ex.net.
mymac.schwarz.,ns.do-ex.org.
nachhaltigkeit.schwarz.,ns.do-ex.com.
nachhaltigkeit.schwarz.,ns.do-ex.net.
nachhaltigkeit.schwarz.,ns.do-ex.org.
nachhaltigkeitsbericht.schwarz.,ns.do-ex.com.
nachhaltigkeitsbericht.schwarz.,ns.do-ex.net.
nachhaltigkeitsbericht.schwarz.,ns.do-ex.org.
nad.schwarz.,ns.do-ex.com.
nad.schwarz.,ns.do-ex.net.
nad.schwarz.,ns.do-ex.org.
neo.schwarz.,ns.do-ex.com.
neo.schwarz.,ns.do-ex.net.
neo.schwarz.,ns.do-ex.org.
ngage.schwarz.,ns.do-ex.com.
ngage.schwarz.,ns.do-ex.net.
ngage.schwarz.,ns.do-ex.org.
ngpos.schwarz.,ns.do-ex.com.
ngpos.schwarz.,ns.do-ex.net.
ngpos.schwarz.,ns.do-ex.org.
nic.schwarz.,a.nic.schwarz.
nic.schwarz.,b.nic.schwarz.
nic.schwarz.,c.nic.schwarz.
nic.schwarz.,d.nic.schwarz.
nonprod-s4hmon-external.schwarz.,ns.do-ex.com.
nonprod-s4hmon-external.schwarz.,ns.do-ex.net.
nonprod-s4hmon-external.schwarz.,ns.do-ex.org.
nonprod-solmon-external.schwarz.,ns.do-ex.com.
nonprod-solmon-external.schwarz.,ns.do-ex.net.
nonprod-solmon-external.schwarz.,ns.do-ex.org.
notfall.schwarz.,ns.do-ex.com.
notfall.schwarz.,ns.do-ex.net.
notfall.schwarz.,ns.do-ex.org.
notfalllandkarte.schwarz.,ns.do-ex.com.
notfalllandkarte.schwarz.,ns.do-ex.net.
notfalllandkarte.schwarz.,ns.do-ex.org.
objektinfo-test.schwarz.,ns.do-ex.com.
objektinfo-test.schwarz.,ns.do-ex.net.
objektinfo-test.schwarz.,ns.do-ex.org.
objektinfo.schwarz.,ns.do-ex.com.
objektinfo.schwarz.,ns.do-ex.net.
objektinfo.schwarz.,ns.do-ex.org.
odj.schwarz.,ns.do-ex.com.
odj.schwarz.,ns.do-ex.net.
odj.schwarz.,ns.do-ex.org.
odp-stackit.schwarz.,ns.do-ex.com.
odp-stackit.schwarz.,ns.do-ex.net.
odp-stackit.schwarz.,ns.do-ex.org.
ods.schwarz.,ns.do-ex.com.
ods.schwarz.,ns.do-ex.net.
ods.schwarz.,ns.do-ex.org.
office.schwarz.,ns.do-ex.com.
office.schwarz.,ns.do-ex.net.
office.schwarz.,ns.do-ex.org.
onboarding.schwarz.,ns.do-ex.com.
onboarding.schwarz.,ns.do-ex.net.
onboarding.schwarz.,ns.do-ex.org.
one-monitoring.schwarz.,ns.do-ex.com.
one-monitoring.schwarz.,ns.do-ex.net.
one-monitoring.schwarz.,ns.do-ex.org.
onealerting.schwarz.,ns1.stackit.cloud.
onealerting.schwarz.,ns2.stackit.zone.
onedesignsystem.schwarz.,ns.do-ex.com.
onedesignsystem.schwarz.,ns.do-ex.net.
onedesignsystem.schwarz.,ns.do-ex.org.
onedirection.schwarz.,ns.do-ex.com.
onedirection.schwarz.,ns.do-ex.net.
onedirection.schwarz.,ns.do-ex.org.
oneedi.schwarz.,ns.do-ex.com.
oneedi.schwarz.,ns.do-ex.net.
oneedi.schwarz.,ns.do-ex.org.
onyx-dev.schwarz.,ns.do-ex.com.
onyx-dev.schwarz.,ns.do-ex.net.
onyx-dev.schwarz.,ns.do-ex.org.
onyx.schwarz.,ns.do-ex.com.
onyx.schwarz.,ns.do-ex.net.
onyx.schwarz.,ns.do-ex.org.
opensource.schwarz.,ns.do-ex.com.
opensource.schwarz.,ns.do-ex.net.
opensource.schwarz.,ns.do-ex.org.
oso.schwarz.,ns.do-ex.com.
oso.schwarz.,ns.do-ex.net.
oso.schwarz.,ns.do-ex.org.
parken.schwarz.,ns.do-ex.com.
parken.schwarz.,ns.do-ex.net.
parken.schwarz.,ns.do-ex.org.
parking.schwarz.,ns.do-ex.com.
parking.schwarz.,ns.do-ex.net.
parking.schwarz.,ns.do-ex.org.
parkingspaces.schwarz.,ns.do-ex.com.
parkingspaces.schwarz.,ns.do-ex.net.
parkingspaces.schwarz.,ns.do-ex.org.
partner.schwarz.,ns.do-ex.com.
partner.schwarz.,ns.do-ex.net.
partner.schwarz.,ns.do-ex.org.
password.schwarz.,ns.do-ex.com.
password.schwarz.,ns.do-ex.net.
password.schwarz.,ns.do-ex.org.
payment.schwarz.,a.myradns.net.
payment.schwarz.,b.myradns.net.
payment.schwarz.,c.myradns.net.
paymentportal.schwarz.,ns.do-ex.com.
paymentportal.schwarz.,ns.do-ex.net.
paymentportal.schwarz.,ns.do-ex.org.
payments.schwarz.,ns.do-ex.com.
payments.schwarz.,ns.do-ex.net.
payments.schwarz.,ns.do-ex.org.
pep-f.schwarz.,ns.do-ex.com.
pep-f.schwarz.,ns.do-ex.net.
pep-f.schwarz.,ns.do-ex.org.
pep-k.schwarz.,ns.do-ex.com.
pep-k.schwarz.,ns.do-ex.net.
pep-k.schwarz.,ns.do-ex.org.
pep-p.schwarz.,ns.do-ex.com.
pep-p.schwarz.,ns.do-ex.net.
pep-p.schwarz.,ns.do-ex.org.
perfectshow-qs.schwarz.,ns.do-ex.com.
perfectshow-qs.schwarz.,ns.do-ex.net.
perfectshow-qs.schwarz.,ns.do-ex.org.
perfectshow.schwarz.,ns.do-ex.com.
perfectshow.schwarz.,ns.do-ex.net.
perfectshow.schwarz.,ns.do-ex.org.
phapps-stage.schwarz.,ns.do-ex.com.
phapps-stage.schwarz.,ns.do-ex.net.
phapps-stage.schwarz.,ns.do-ex.org.
phapps.schwarz.,ns.do-ex.com.
phapps.schwarz.,ns.do-ex.net.
phapps.schwarz.,ns.do-ex.org.
phone.schwarz.,ns.do-ex.com.
phone.schwarz.,ns.do-ex.net.
phone.schwarz.,ns.do-ex.org.
pimbasic-p.schwarz.,ns.do-ex.com.
pimbasic-p.schwarz.,ns.do-ex.net.
pimbasic-p.schwarz.,ns.do-ex.org.
pimbasic-q.schwarz.,ns.do-ex.com.
pimbasic-q.schwarz.,ns.do-ex.net.
pimbasic-q.schwarz.,ns.do-ex.org.
pimbasic-t.schwarz.,ns.do-ex.com.
pimbasic-t.schwarz.,ns.do-ex.net.
pimbasic-t.schwarz.,ns.do-ex.org.
pki.schwarz.,ns.do-ex.com.
pki.schwarz.,ns.do-ex.net.
pki.schwarz.,ns.do-ex.org.
planet.schwarz.,ns.do-ex.com.
planet.schwarz.,ns.do-ex.net.
planet.schwarz.,ns.do-ex.org.
poolfahrzeuge.schwarz.,ns.do-ex.com.
poolfahrzeuge.schwarz.,ns.do-ex.net.
poolfahrzeuge.schwarz.,ns.do-ex.org.
poolvehicles.schwarz.,ns.do-ex.com.
poolvehicles.schwarz.,ns.do-ex.net.
poolvehicles.schwarz.,ns.do-ex.org.
portal-mam.schwarz.,ns.do-ex.com.
portal-mam.schwarz.,ns.do-ex.net.
portal-mam.schwarz.,ns.do-ex.org.
portal-mamq.schwarz.,ns.do-ex.com.
portal-mamq.schwarz.,ns.do-ex.net.
portal-mamq.schwarz.,ns.do-ex.org.
portale.schwarz.,ns.do-ex.com.
portale.schwarz.,ns.do-ex.net.
portale.schwarz.,ns.do-ex.org.
posmd.schwarz.,ns.do-ex.com.
posmd.schwarz.,ns.do-ex.net.
posmd.schwarz.,ns.do-ex.org.
prenet.schwarz.,ns.do-ex.com.
prenet.schwarz.,ns.do-ex.net.
prenet.schwarz.,ns.do-ex.org.
press.schwarz.,ns.do-ex.com.
press.schwarz.,ns.do-ex.net.
press.schwarz.,ns.do-ex.org.
presse.schwarz.,ns.do-ex.com.
presse.schwarz.,ns.do-ex.net.
presse.schwarz.,ns.do-ex.org.
prezerodual-stage.schwarz.,ns.do-ex.com.
prezerodual-stage.schwarz.,ns.do-ex.net.
prezerodual-stage.schwarz.,ns.do-ex.org.
prezerodual.schwarz.,ns.do-ex.com.
prezerodual.schwarz.,ns.do-ex.net.
prezerodual.schwarz.,ns.do-ex.org.
principles.schwarz.,ns.do-ex.com.
principles.schwarz.,ns.do-ex.net.
principles.schwarz.,ns.do-ex.org.
printercreation.schwarz.,ns.do-ex.com.
printercreation.schwarz.,ns.do-ex.net.
printercreation.schwarz.,ns.do-ex.org.
procurement.schwarz.,ns.do-ex.com.
procurement.schwarz.,ns.do-ex.net.
procurement.schwarz.,ns.do-ex.org.
prod-s4hmon-external.schwarz.,ns.do-ex.com.
prod-s4hmon-external.schwarz.,ns.do-ex.net.
prod-s4hmon-external.schwarz.,ns.do-ex.org.
prod-solmon-external.schwarz.,ns.do-ex.com.
prod-solmon-external.schwarz.,ns.do-ex.net.
prod-solmon-external.schwarz.,ns.do-ex.org.
production.schwarz.,ns.do-ex.com.
production.schwarz.,ns.do-ex.net.
production.schwarz.,ns.do-ex.org.
produktion.schwarz.,a.myradns.net.
produktion.schwarz.,b.myradns.net.
produktion.schwarz.,c.myradns.net.
progress-report.schwarz.,ns.do-ex.com.
progress-report.schwarz.,ns.do-ex.net.
progress-report.schwarz.,ns.do-ex.org.
projektcampus.schwarz.,ns.do-ex.com.
projektcampus.schwarz.,ns.do-ex.net.
projektcampus.schwarz.,ns.do-ex.org.
promid.schwarz.,ns.do-ex.com.
promid.schwarz.,ns.do-ex.net.
promid.schwarz.,ns.do-ex.org.
puls2023.schwarz.,ns.do-ex.com.
puls2023.schwarz.,ns.do-ex.net.
puls2023.schwarz.,ns.do-ex.org.
pvs-qs.schwarz.,ns.do-ex.com.
pvs-qs.schwarz.,ns.do-ex.net.
pvs-qs.schwarz.,ns.do-ex.org.
pvs.schwarz.,ns.do-ex.com.
pvs.schwarz.,ns.do-ex.net.
pvs.schwarz.,ns.do-ex.org.
pwd-dev.schwarz.,ns.do-ex.com.
pwd-dev.schwarz.,ns.do-ex.net.
pwd-dev.schwarz.,ns.do-ex.org.
pwd-q.schwarz.,ns.do-ex.com.
pwd-q.schwarz.,ns.do-ex.net.
pwd-q.schwarz.,ns.do-ex.org.
pwd-test.schwarz.,ns.do-ex.com.
pwd-test.schwarz.,ns.do-ex.net.
pwd-test.schwarz.,ns.do-ex.org.
pwd.schwarz.,ns.do-ex.com.
pwd.schwarz.,ns.do-ex.net.
pwd.schwarz.,ns.do-ex.org.
pzp.schwarz.,ns.do-ex.com.
pzp.schwarz.,ns.do-ex.net.
pzp.schwarz.,ns.do-ex.org.
q-paymentportal.schwarz.,ns.do-ex.com.
q-paymentportal.schwarz.,ns.do-ex.net.
q-paymentportal.schwarz.,ns.do-ex.org.
qa-saf.schwarz.,ns.do-ex.com.
qa-saf.schwarz.,ns.do-ex.net.
qa-saf.schwarz.,ns.do-ex.org.
qa-vwvt.schwarz.,ns.do-ex.com.
qa-vwvt.schwarz.,ns.do-ex.net.
qa-vwvt.schwarz.,ns.do-ex.org.
qmdm-mac.schwarz.,ns.do-ex.com.
qmdm-mac.schwarz.,ns.do-ex.net.
qmdm-mac.schwarz.,ns.do-ex.org.
qs-vwvt.schwarz.,ns.do-ex.com.
qs-vwvt.schwarz.,ns.do-ex.net.
qs-vwvt.schwarz.,ns.do-ex.org.
raumreservierung-bildungscampus-q.schwarz.,ns.do-ex.com.
raumreservierung-bildungscampus-q.schwarz.,ns.do-ex.net.
raumreservierung-bildungscampus-q.schwarz.,ns.do-ex.org.
raumreservierung-bildungscampus.schwarz.,ns.do-ex.com.
raumreservierung-bildungscampus.schwarz.,ns.do-ex.net.
raumreservierung-bildungscampus.schwarz.,ns.do-ex.org.
rbq-qs.schwarz.,ns.do-ex.com.
rbq-qs.schwarz.,ns.do-ex.net.
rbq-qs.schwarz.,ns.do-ex.org.
rbq-test.schwarz.,ns.do-ex.com.
rbq-test.schwarz.,ns.do-ex.net.
rbq-test.schwarz.,ns.do-ex.org.
rbq.schwarz.,ns.do-ex.com.
rbq.schwarz.,ns.do-ex.net.
rbq.schwarz.,ns.do-ex.org.
ready4green.schwarz.,ns.do-ex.com.
ready4green.schwarz.,ns.do-ex.net.
ready4green.schwarz.,ns.do-ex.org.
readyforgreen.schwarz.,ns.do-ex.com.
readyforgreen.schwarz.,ns.do-ex.net.
readyforgreen.schwarz.,ns.do-ex.org.
readyfourgreen.schwarz.,ns.do-ex.com.
readyfourgreen.schwarz.,ns.do-ex.net.
readyfourgreen.schwarz.,ns.do-ex.org.
recruiting.schwarz.,ns.do-ex.com.
recruiting.schwarz.,ns.do-ex.net.
recruiting.schwarz.,ns.do-ex.org.
reisekosten.schwarz.,ns.do-ex.com.
reisekosten.schwarz.,ns.do-ex.net.
reisekosten.schwarz.,ns.do-ex.org.
relax.schwarz.,ns.do-ex.com.
relax.schwarz.,ns.do-ex.net.
relax.schwarz.,ns.do-ex.org.
remote.schwarz.,ns.do-ex.com.
remote.schwarz.,ns.do-ex.net.
remote.schwarz.,ns.do-ex.org.
renewableenergy.schwarz.,ns1.eurodns.com.
renewableenergy.schwarz.,ns2.eurodns.com.
renewableenergy.schwarz.,ns3.eurodns.com.
renewableenergy.schwarz.,ns4.eurodns.com.
repo-qs.schwarz.,ns.do-ex.com.
repo-qs.schwarz.,ns.do-ex.net.
repo-qs.schwarz.,ns.do-ex.org.
repo.schwarz.,ns.do-ex.com.
repo.schwarz.,ns.do-ex.net.
repo.schwarz.,ns.do-ex.org.
reporting-incidents.schwarz.,ns.do-ex.com.
reporting-incidents.schwarz.,ns.do-ex.net.
reporting-incidents.schwarz.,ns.do-ex.org.
responsibility.schwarz.,ns.do-ex.com.
responsibility.schwarz.,ns.do-ex.net.
responsibility.schwarz.,ns.do-ex.org.
restaurantbetriebe.schwarz.,ns.do-ex.com.
restaurantbetriebe.schwarz.,ns.do-ex.net.
restaurantbetriebe.schwarz.,ns.do-ex.org.
restaurants.schwarz.,ns.do-ex.com.
restaurants.schwarz.,ns.do-ex.net.
restaurants.schwarz.,ns.do-ex.org.
rooms.schwarz.,ns.do-ex.com.
rooms.schwarz.,ns.do-ex.net.
rooms.schwarz.,ns.do-ex.org.
rosenberg.schwarz.,ns.do-ex.com.
rosenberg.schwarz.,ns.do-ex.net.
rosenberg.schwarz.,ns.do-ex.org.
rosenbergquartier.schwarz.,ns.do-ex.com.
rosenbergquartier.schwarz.,ns.do-ex.net.
rosenbergquartier.schwarz.,ns.do-ex.org.
s-medical-center.schwarz.,ns.do-ex.com.
s-medical-center.schwarz.,ns.do-ex.net.
s-medical-center.schwarz.,ns.do-ex.org.
s-production.schwarz.,ns.do-ex.com.
s-production.schwarz.,ns.do-ex.net.
s-production.schwarz.,ns.do-ex.org.
s-produktion.schwarz.,ns.do-ex.com.
s-produktion.schwarz.,ns.do-ex.net.
s-produktion.schwarz.,ns.do-ex.org.
s3-etl-crm-loyalty.schwarz.,ns.do-ex.com.
s3-etl-crm-loyalty.schwarz.,ns.do-ex.net.
s3-etl-crm-loyalty.schwarz.,ns.do-ex.org.
s4-etl-crm-loyalty.schwarz.,ns.do-ex.com.
s4-etl-crm-loyalty.schwarz.,ns.do-ex.net.
s4-etl-crm-loyalty.schwarz.,ns.do-ex.org.
saf.schwarz.,ns.do-ex.com.
saf.schwarz.,ns.do-ex.net.
saf.schwarz.,ns.do-ex.org.
sbes-sap-ariba.schwarz.,ns.do-ex.com.
sbes-sap-ariba.schwarz.,ns.do-ex.net.
sbes-sap-ariba.schwarz.,ns.do-ex.org.
sbv-neckarsulm.schwarz.,ns.do-ex.com.
sbv-neckarsulm.schwarz.,ns.do-ex.net.
sbv-neckarsulm.schwarz.,ns.do-ex.org.
scheuch.schwarz.,ns.do-ex.com.
scheuch.schwarz.,ns.do-ex.net.
scheuch.schwarz.,ns.do-ex.org.
schwarz-medical-center.schwarz.,ns.do-ex.com.
schwarz-medical-center.schwarz.,ns.do-ex.net.
schwarz-medical-center.schwarz.,ns.do-ex.org.
schwarz-mobility-solutions.schwarz.,ns.do-ex.com.
schwarz-mobility-solutions.schwarz.,ns.do-ex.net.
schwarz-mobility-solutions.schwarz.,ns.do-ex.org.
schwarz.,a.nic.schwarz.
schwarz.,b.nic.schwarz.
schwarz.,c.nic.schwarz.
schwarz.,d.nic.schwarz.
schwarzmedicalcenter.schwarz.,ns.do-ex.com.
schwarzmedicalcenter.schwarz.,ns.do-ex.net.
schwarzmedicalcenter.schwarz.,ns.do-ex.org.
scm-taxkit.schwarz.,ns.do-ex.com.
scm-taxkit.schwarz.,ns.do-ex.net.
scm-taxkit.schwarz.,ns.do-ex.org.
scon-assets.schwarz.,ns.do-ex.com.
scon-assets.schwarz.,ns.do-ex.net.
scon-assets.schwarz.,ns.do-ex.org.
scon.schwarz.,ns.do-ex.com.
scon.schwarz.,ns.do-ex.net.
scon.schwarz.,ns.do-ex.org.
scose.schwarz.,ns.do-ex.com.
scose.schwarz.,ns.do-ex.net.
scose.schwarz.,ns.do-ex.org.
scp.schwarz.,ns.do-ex.com.
scp.schwarz.,ns.do-ex.net.
scp.schwarz.,ns.do-ex.org.
sdo.schwarz.,ns.do-ex.com.
sdo.schwarz.,ns.do-ex.net.
sdo.schwarz.,ns.do-ex.org.
sdwan.schwarz.,ns.do-ex.com.
sdwan.schwarz.,ns.do-ex.net.
sdwan.schwarz.,ns.do-ex.org.
se16xxl.schwarz.,ns.do-ex.com.
se16xxl.schwarz.,ns.do-ex.net.
se16xxl.schwarz.,ns.do-ex.org.
search.schwarz.,ns.do-ex.com.
search.schwarz.,ns.do-ex.net.
search.schwarz.,ns.do-ex.org.
secure.schwarz.,ns.do-ex.com.
secure.schwarz.,ns.do-ex.net.
secure.schwarz.,ns.do-ex.org.
self-edi.schwarz.,ns.do-ex.com.
self-edi.schwarz.,ns.do-ex.net.
self-edi.schwarz.,ns.do-ex.org.
selfscanningkf-q.schwarz.,ns.do-ex.com.
selfscanningkf-q.schwarz.,ns.do-ex.net.
selfscanningkf-q.schwarz.,ns.do-ex.org.
selfscanningkf.schwarz.,ns.do-ex.com.
selfscanningkf.schwarz.,ns.do-ex.net.
selfscanningkf.schwarz.,ns.do-ex.org.
selfscanningl-dev.schwarz.,ns.do-ex.com.
selfscanningl-dev.schwarz.,ns.do-ex.net.
selfscanningl-dev.schwarz.,ns.do-ex.org.
selfscanningl-perf.schwarz.,ns.do-ex.com.
selfscanningl-perf.schwarz.,ns.do-ex.net.
selfscanningl-perf.schwarz.,ns.do-ex.org.
selfscanningl-q.schwarz.,ns.do-ex.com.
selfscanningl-q.schwarz.,ns.do-ex.net.
selfscanningl-q.schwarz.,ns.do-ex.org.
selfscanningl.schwarz.,ns.do-ex.com.
selfscanningl.schwarz.,ns.do-ex.net.
selfscanningl.schwarz.,ns.do-ex.org.
sensorik-q.schwarz.,ns.do-ex.com.
sensorik-q.schwarz.,ns.do-ex.net.
sensorik-q.schwarz.,ns.do-ex.org.
sensorik.schwarz.,ns.do-ex.com.
sensorik.schwarz.,ns.do-ex.net.
sensorik.schwarz.,ns.do-ex.org.
service-transition.schwarz.,ns.do-ex.com.
service-transition.schwarz.,ns.do-ex.net.
service-transition.schwarz.,ns.do-ex.org.
service.schwarz.,ns.do-ex.com.
service.schwarz.,ns.do-ex.net.
service.schwarz.,ns.do-ex.org.
servicedesk.schwarz.,ns.do-ex.com.
servicedesk.schwarz.,ns.do-ex.net.
servicedesk.schwarz.,ns.do-ex.org.
serviceportal.schwarz.,ns1.eurodns.com.
serviceportal.schwarz.,ns2.eurodns.com.
serviceportal.schwarz.,ns3.eurodns.com.
serviceportal.schwarz.,ns4.eurodns.com.
services-qs-external.schwarz.,ns.do-ex.com.
services-qs-external.schwarz.,ns.do-ex.net.
services-qs-external.schwarz.,ns.do-ex.org.
services-qs.schwarz.,ns.do-ex.com.
services-qs.schwarz.,ns.do-ex.net.
services-qs.schwarz.,ns.do-ex.org.
services.schwarz.,ns.do-ex.com.
services.schwarz.,ns.do-ex.net.
services.schwarz.,ns.do-ex.org.
sfp.schwarz.,ns.do-ex.com.
sfp.schwarz.,ns.do-ex.net.
sfp.schwarz.,ns.do-ex.org.
sftp.schwarz.,ns.do-ex.com.
sftp.schwarz.,ns.do-ex.net.
sftp.schwarz.,ns.do-ex.org.
shared-bronze-qsa.schwarz.,ns.do-ex.com.
shared-bronze-qsa.schwarz.,ns.do-ex.net.
shared-bronze-qsa.schwarz.,ns.do-ex.org.
shared-bronze-stage.schwarz.,ns.do-ex.com.
shared-bronze-stage.schwarz.,ns.do-ex.net.
shared-bronze-stage.schwarz.,ns.do-ex.org.
shared-bronze.schwarz.,ns.do-ex.com.
shared-bronze.schwarz.,ns.do-ex.net.
shared-bronze.schwarz.,ns.do-ex.org.
shared-dev.schwarz.,ns.do-ex.com.
shared-dev.schwarz.,ns.do-ex.net.
shared-dev.schwarz.,ns.do-ex.org.
shared-internet-qsa.schwarz.,ns.do-ex.com.
shared-internet-qsa.schwarz.,ns.do-ex.net.
shared-internet-qsa.schwarz.,ns.do-ex.org.
shared-internet-stage.schwarz.,ns.do-ex.com.
shared-internet-stage.schwarz.,ns.do-ex.net.
shared-internet-stage.schwarz.,ns.do-ex.org.
shared-internet.schwarz.,ns.do-ex.com.
shared-internet.schwarz.,ns.do-ex.net.
shared-internet.schwarz.,ns.do-ex.org.
shared-lifetime.schwarz.,ns.do-ex.com.
shared-lifetime.schwarz.,ns.do-ex.net.
shared-lifetime.schwarz.,ns.do-ex.org.
shopbox.schwarz.,ns.do-ex.com.
shopbox.schwarz.,ns.do-ex.net.
shopbox.schwarz.,ns.do-ex.org.
shortlinks.schwarz.,a.myradns.net.
shortlinks.schwarz.,b.myradns.net.
shortlinks.schwarz.,c.myradns.net.
showcase.schwarz.,ns.do-ex.com.
showcase.schwarz.,ns.do-ex.net.
showcase.schwarz.,ns.do-ex.org.
siam-idm.schwarz.,ns.do-ex.com.
siam-idm.schwarz.,ns.do-ex.net.
siam-idm.schwarz.,ns.do-ex.org.
siam-support.schwarz.,ns.do-ex.com.
siam-support.schwarz.,ns.do-ex.net.
siam-support.schwarz.,ns.do-ex.org.
sicherheit.schwarz.,ns.do-ex.com.
sicherheit.schwarz.,ns.do-ex.net.
sicherheit.schwarz.,ns.do-ex.org.
sign.schwarz.,ns.do-ex.com.
sign.schwarz.,ns.do-ex.net.
sign.schwarz.,ns.do-ex.org.
signin-services-qs.schwarz.,ns.do-ex.com.
signin-services-qs.schwarz.,ns.do-ex.net.
signin-services-qs.schwarz.,ns.do-ex.org.
signin-services.schwarz.,ns.do-ex.com.
signin-services.schwarz.,ns.do-ex.net.
signin-services.schwarz.,ns.do-ex.org.
sis.schwarz.,ns.do-ex.com.
sis.schwarz.,ns.do-ex.net.
sis.schwarz.,ns.do-ex.org.
sit-academy-dev.schwarz.,ns.do-ex.com.
sit-academy-dev.schwarz.,ns.do-ex.net.
sit-academy-dev.schwarz.,ns.do-ex.org.
sit-academy.schwarz.,ns.do-ex.com.
sit-academy.schwarz.,ns.do-ex.net.
sit-academy.schwarz.,ns.do-ex.org.
sit-betriebsrat.schwarz.,ns.do-ex.com.
sit-betriebsrat.schwarz.,ns.do-ex.net.
sit-betriebsrat.schwarz.,ns.do-ex.org.
sit-bg.schwarz.,ns.do-ex.com.
sit-bg.schwarz.,ns.do-ex.net.
sit-bg.schwarz.,ns.do-ex.org.
sit-communities.schwarz.,ns.do-ex.com.
sit-communities.schwarz.,ns.do-ex.net.
sit-communities.schwarz.,ns.do-ex.org.
sit-es.schwarz.,ns.do-ex.com.
sit-es.schwarz.,ns.do-ex.net.
sit-es.schwarz.,ns.do-ex.org.
sit-global.schwarz.,ns.do-ex.com.
sit-global.schwarz.,ns.do-ex.net.
sit-global.schwarz.,ns.do-ex.org.
sit-glueckwunschkalender.schwarz.,ns.do-ex.com.
sit-glueckwunschkalender.schwarz.,ns.do-ex.net.
sit-glueckwunschkalender.schwarz.,ns.do-ex.org.
sit-info.schwarz.,ns.do-ex.com.
sit-info.schwarz.,ns.do-ex.net.
sit-info.schwarz.,ns.do-ex.org.
sit-learning.schwarz.,ns.do-ex.com.
sit-learning.schwarz.,ns.do-ex.net.
sit-learning.schwarz.,ns.do-ex.org.
sit-ro.schwarz.,ns.do-ex.com.
sit-ro.schwarz.,ns.do-ex.net.
sit-ro.schwarz.,ns.do-ex.org.
sit.schwarz.,ns.do-ex.com.
sit.schwarz.,ns.do-ex.net.
sit.schwarz.,ns.do-ex.org.
sitcon.schwarz.,ns.do-ex.com.
sitcon.schwarz.,ns.do-ex.net.
sitcon.schwarz.,ns.do-ex.org.
sitios.schwarz.,ns.do-ex.com.
sitios.schwarz.,ns.do-ex.net.
sitios.schwarz.,ns.do-ex.org.
sitizens.schwarz.,ns.do-ex.com.
sitizens.schwarz.,ns.do-ex.net.
sitizens.schwarz.,ns.do-ex.org.
ske.schwarz.,ns.do-ex.com.
ske.schwarz.,ns.do-ex.net.
ske.schwarz.,ns.do-ex.org.
skg.schwarz.,ns.do-ex.com.
skg.schwarz.,ns.do-ex.net.
skg.schwarz.,ns.do-ex.org.
smedicalcenter.schwarz.,ns.do-ex.com.
smedicalcenter.schwarz.,ns.do-ex.net.
smedicalcenter.schwarz.,ns.do-ex.org.
smp.schwarz.,a.myradns.net.
smp.schwarz.,b.myradns.net.
smp.schwarz.,c.myradns.net.
sms.schwarz.,ns.do-ex.com.
sms.schwarz.,ns.do-ex.net.
sms.schwarz.,ns.do-ex.org.
snap.schwarz.,ns.do-ex.com.
snap.schwarz.,ns.do-ex.net.
snap.schwarz.,ns.do-ex.org.
snapnician-dev.schwarz.,ns.do-ex.com.
snapnician-dev.schwarz.,ns.do-ex.net.
snapnician-dev.schwarz.,ns.do-ex.org.
snapnician-qa.schwarz.,ns.do-ex.com.
snapnician-qa.schwarz.,ns.do-ex.net.
snapnician-qa.schwarz.,ns.do-ex.org.
snapnician.schwarz.,ns.do-ex.com.
snapnician.schwarz.,ns.do-ex.net.
snapnician.schwarz.,ns.do-ex.org.
socialmedia.schwarz.,ns.do-ex.com.
socialmedia.schwarz.,ns.do-ex.net.
socialmedia.schwarz.,ns.do-ex.org.
solutions.schwarz.,ns.do-ex.com.
solutions.schwarz.,ns.do-ex.net.
solutions.schwarz.,ns.do-ex.org.
sonar-qs.schwarz.,ns.do-ex.com.
sonar-qs.schwarz.,ns.do-ex.net.
sonar-qs.schwarz.,ns.do-ex.org.
sonarqube-qs.schwarz.,ns.do-ex.com.
sonarqube-qs.schwarz.,ns.do-ex.net.
sonarqube-qs.schwarz.,ns.do-ex.org.
sonarqube.schwarz.,ns.do-ex.com.
sonarqube.schwarz.,ns.do-ex.net.
sonarqube.schwarz.,ns.do-ex.org.
sparte-produktion.schwarz.,ns.do-ex.com.
sparte-produktion.schwarz.,ns.do-ex.net.
sparte-produktion.schwarz.,ns.do-ex.org.
splunk-stackit.schwarz.,ns.do-ex.com.
splunk-stackit.schwarz.,ns.do-ex.net.
splunk-stackit.schwarz.,ns.do-ex.org.
sqt-dev-wawi.schwarz.,ns.do-ex.com.
sqt-dev-wawi.schwarz.,ns.do-ex.net.
sqt-dev-wawi.schwarz.,ns.do-ex.org.
sqt-qs-wawi.schwarz.,ns.do-ex.com.
sqt-qs-wawi.schwarz.,ns.do-ex.net.
sqt-qs-wawi.schwarz.,ns.do-ex.org.
srb.schwarz.,ns.do-ex.com.
srb.schwarz.,ns.do-ex.net.
srb.schwarz.,ns.do-ex.org.
ssp-is.schwarz.,ns.do-ex.com.
ssp-is.schwarz.,ns.do-ex.net.
ssp-is.schwarz.,ns.do-ex.org.
stackit-pim.schwarz.,ns.do-ex.com.
stackit-pim.schwarz.,ns.do-ex.net.
stackit-pim.schwarz.,ns.do-ex.org.
stackit.schwarz.,ns.do-ex.com.
stackit.schwarz.,ns.do-ex.net.
stackit.schwarz.,ns.do-ex.org.
star.schwarz.,ns.do-ex.com.
star.schwarz.,ns.do-ex.net.
star.schwarz.,ns.do-ex.org.
status.schwarz.,ns.do-ex.com.
status.schwarz.,ns.do-ex.net.
status.schwarz.,ns.do-ex.org.
stellen.schwarz.,ns.do-ex.com.
stellen.schwarz.,ns.do-ex.net.
stellen.schwarz.,ns.do-ex.org.
stellenbeschreibung.schwarz.,ns.do-ex.com.
stellenbeschreibung.schwarz.,ns.do-ex.net.
stellenbeschreibung.schwarz.,ns.do-ex.org.
sts-lidl.schwarz.,ns.do-ex.com.
sts-lidl.schwarz.,ns.do-ex.net.
sts-lidl.schwarz.,ns.do-ex.org.
student.schwarz.,ns.do-ex.com.
student.schwarz.,ns.do-ex.net.
student.schwarz.,ns.do-ex.org.
sustainability-report.schwarz.,ns1.eurodns.com.
sustainability-report.schwarz.,ns2.eurodns.com.
sustainability-report.schwarz.,ns3.eurodns.com.
sustainability-report.schwarz.,ns4.eurodns.com.
sustainability.schwarz.,ns.do-ex.com.
sustainability.schwarz.,ns.do-ex.net.
sustainability.schwarz.,ns.do-ex.org.
sustainable-logistics.schwarz.,ns.do-ex.com.
sustainable-logistics.schwarz.,ns.do-ex.net.
sustainable-logistics.schwarz.,ns.do-ex.org.
sys.schwarz.,ns.do-ex.com.
sys.schwarz.,ns.do-ex.net.
sys.schwarz.,ns.do-ex.org.
syskit.schwarz.,ns.do-ex.com.
syskit.schwarz.,ns.do-ex.net.
syskit.schwarz.,ns.do-ex.org.
syskitpoint.schwarz.,ns.do-ex.com.
syskitpoint.schwarz.,ns.do-ex.net.
syskitpoint.schwarz.,ns.do-ex.org.
sysmail.schwarz.,ns1.eurodns.com.
sysmail.schwarz.,ns2.eurodns.com.
sysmail.schwarz.,ns3.eurodns.com.
sysmail.schwarz.,ns4.eurodns.com.
talkwalker.schwarz.,ns.do-ex.com.
talkwalker.schwarz.,ns.do-ex.net.
talkwalker.schwarz.,ns.do-ex.org.
teamsaufzeichnung.schwarz.,ns.do-ex.com.
teamsaufzeichnung.schwarz.,ns.do-ex.net.
teamsaufzeichnung.schwarz.,ns.do-ex.org.
teamsaufzeichnungen.schwarz.,ns.do-ex.com.
teamsaufzeichnungen.schwarz.,ns.do-ex.net.
teamsaufzeichnungen.schwarz.,ns.do-ex.org.
teamsrecording.schwarz.,ns.do-ex.com.
teamsrecording.schwarz.,ns.do-ex.net.
teamsrecording.schwarz.,ns.do-ex.org.
teamsrecordings.schwarz.,ns.do-ex.com.
teamsrecordings.schwarz.,ns.do-ex.net.
teamsrecordings.schwarz.,ns.do-ex.org.
techblog.schwarz.,ns1.stackit.cloud.
techblog.schwarz.,ns2.stackit.zone.
techflat.schwarz.,ns.do-ex.com.
techflat.schwarz.,ns.do-ex.net.
techflat.schwarz.,ns.do-ex.org.
test-agile-academy.schwarz.,ns.do-ex.com.
test-agile-academy.schwarz.,ns.do-ex.net.
test-agile-academy.schwarz.,ns.do-ex.org.
test-vwvt.schwarz.,ns.do-ex.com.
test-vwvt.schwarz.,ns.do-ex.net.
test-vwvt.schwarz.,ns.do-ex.org.
testing.schwarz.,ns.do-ex.com.
testing.schwarz.,ns.do-ex.net.
testing.schwarz.,ns.do-ex.org.
tickets.schwarz.,ns.do-ex.com.
tickets.schwarz.,ns.do-ex.net.
tickets.schwarz.,ns.do-ex.org.
tier1.schwarz.,ns.do-ex.com.
tier1.schwarz.,ns.do-ex.net.
tier1.schwarz.,ns.do-ex.org.
toolbox-spiegel.schwarz.,ns.do-ex.com.
toolbox-spiegel.schwarz.,ns.do-ex.net.
toolbox-spiegel.schwarz.,ns.do-ex.org.
translate.schwarz.,ns.do-ex.com.
translate.schwarz.,ns.do-ex.net.
translate.schwarz.,ns.do-ex.org.
trinity.schwarz.,ns.do-ex.com.
trinity.schwarz.,ns.do-ex.net.
trinity.schwarz.,ns.do-ex.org.
ttkf-connector.schwarz.,ns.do-ex.com.
ttkf-connector.schwarz.,ns.do-ex.net.
ttkf-connector.schwarz.,ns.do-ex.org.
twogo.schwarz.,ns.do-ex.com.
twogo.schwarz.,ns.do-ex.net.
twogo.schwarz.,ns.do-ex.org.
uapc.schwarz.,ns1-08.azure-dns.com.
uapc.schwarz.,ns2-08.azure-dns.net.
uapc.schwarz.,ns3-08.azure-dns.org.
uapc.schwarz.,ns4-08.azure-dns.info.
uc.schwarz.,ns.do-ex.com.
uc.schwarz.,ns.do-ex.net.
uc.schwarz.,ns.do-ex.org.
update.schwarz.,ns.do-ex.com.
update.schwarz.,ns.do-ex.net.
update.schwarz.,ns.do-ex.org.
upe.schwarz.,a1-244.akam.net.
upe.schwarz.,a11-65.akam.net.
upe.schwarz.,a13-66.akam.net.
upe.schwarz.,a16-67.akam.net.
upe.schwarz.,a4-64.akam.net.
vasm.schwarz.,ns.do-ex.com.
vasm.schwarz.,ns.do-ex.net.
vasm.schwarz.,ns.do-ex.org.
vcard.schwarz.,ns.do-ex.com.
vcard.schwarz.,ns.do-ex.net.
vcard.schwarz.,ns.do-ex.org.
venyou.schwarz.,ns.do-ex.com.
venyou.schwarz.,ns.do-ex.net.
venyou.schwarz.,ns.do-ex.org.
verantwortung.schwarz.,ns.do-ex.com.
verantwortung.schwarz.,ns.do-ex.net.
verantwortung.schwarz.,ns.do-ex.org.
voraushandeln.schwarz.,ns.do-ex.com.
voraushandeln.schwarz.,ns.do-ex.net.
voraushandeln.schwarz.,ns.do-ex.org.
vorsorge.schwarz.,ns.do-ex.com.
vorsorge.schwarz.,ns.do-ex.net.
vorsorge.schwarz.,ns.do-ex.org.
vwvt.schwarz.,ns.do-ex.com.
vwvt.schwarz.,ns.do-ex.net.
vwvt.schwarz.,ns.do-ex.org.
wawi.schwarz.,ns.do-ex.com.
wawi.schwarz.,ns.do-ex.net.
wawi.schwarz.,ns.do-ex.org.
web.schwarz.,ns.do-ex.com.
web.schwarz.,ns.do-ex.net.
web.schwarz.,ns.do-ex.org.
webedi.schwarz.,ns.do-ex.com.
webedi.schwarz.,ns.do-ex.net.
webedi.schwarz.,ns.do-ex.org.
welcome-q.schwarz.,ns.do-ex.com.
welcome-q.schwarz.,ns.do-ex.net.
welcome-q.schwarz.,ns.do-ex.org.
welcome.schwarz.,ns.do-ex.com.
welcome.schwarz.,ns.do-ex.net.
welcome.schwarz.,ns.do-ex.org.
werte-digits.schwarz.,ns.do-ex.com.
werte-digits.schwarz.,ns.do-ex.net.
werte-digits.schwarz.,ns.do-ex.org.
whappodo.schwarz.,ns.do-ex.com.
whappodo.schwarz.,ns.do-ex.net.
whappodo.schwarz.,ns.do-ex.org.
wire.schwarz.,ns.do-ex.com.
wire.schwarz.,ns.do-ex.net.
wire.schwarz.,ns.do-ex.org.
wiredev.schwarz.,ns.do-ex.com.
wiredev.schwarz.,ns.do-ex.net.
wiredev.schwarz.,ns.do-ex.org.
wirestg.schwarz.,ns.do-ex.com.
wirestg.schwarz.,ns.do-ex.net.
wirestg.schwarz.,ns.do-ex.org.
work-d.schwarz.,ns.do-ex.com.
work-d.schwarz.,ns.do-ex.net.
work-d.schwarz.,ns.do-ex.org.
work-q.schwarz.,ns.do-ex.com.
work-q.schwarz.,ns.do-ex.net.
work-q.schwarz.,ns.do-ex.org.
work.schwarz.,ns.do-ex.com.
work.schwarz.,ns.do-ex.net.
work.schwarz.,ns.do-ex.org.
workplace.schwarz.,ns.do-ex.com.
workplace.schwarz.,ns.do-ex.net.
workplace.schwarz.,ns.do-ex.org.
workspace.schwarz.,ns.do-ex.com.
workspace.schwarz.,ns.do-ex.net.
workspace.schwarz.,ns.do-ex.org.
wunschbaum.schwarz.,ns.do-ex.com.
wunschbaum.schwarz.,ns.do-ex.net.
wunschbaum.schwarz.,ns.do-ex.org.
xn--digitale-souvernitt-uwbd.schwarz.,ns.do-ex.com.
xn--digitale-souvernitt-uwbd.schwarz.,ns.do-ex.net.
xn--digitale-souvernitt-uwbd.schwarz.,ns.do-ex.org.
xn--mobilittsportal-6kb.schwarz.,ns.do-ex.com.
xn--mobilittsportal-6kb.schwarz.,ns.do-ex.net.
xn--mobilittsportal-6kb.schwarz.,ns.do-ex.org.
younited.schwarz.,ns.do-ex.com.
younited.schwarz.,ns.do-ex.net.
younited.schwarz.,ns.do-ex.org.
zp-bg.schwarz.,ns.do-ex.com.
zp-bg.schwarz.,ns.do-ex.net.
zp-bg.schwarz.,ns.do-ex.org.
zp-es.schwarz.,ns.do-ex.com.
zp-es.schwarz.,ns.do-ex.net.
zp-es.schwarz.,ns.do-ex.org.
zp-ro.schwarz.,ns.do-ex.com.
zp-ro.schwarz.,ns.do-ex.net.
zp-ro.schwarz.,ns.do-ex.org.
zp.schwarz.,ns1.eurodns.com.
zp.schwarz.,ns2.eurodns.com.
zp.schwarz.,ns3.eurodns.com.
zp.schwarz.,ns4.eurodns.com.
